coin_id,weighted_avg_score,top_wallet_balance,top_wallet_count,total_balance,total_wallets,mean_score,score_std,score_count,top_wallet_balance_pct,top_wallet_count_pct,composite_score,avg_wallet_balance,score_confidence,market_cap,market_cap_filled,coin_return
0037051e-677f-439f-9353-4dc896fe9ecd,0.021610806944605647,0.0,0,144280.94,16,0.017913850777906963,0.07165540311162785,16,0.0,0.0,0.008644322777842259,9017.55859375,0.757464374963667,4024121,4024121,0.25881004
0230c71c-612a-432f-8903-d8aacdf29fce,0.2228251129595666,15200.788,1,26930.293,10,0.0672210253257874,0.14423573621878968,10,0.5644494,0.1,0.2884648740374338,2693.029296875,0.6984886554222364,882074,882074,2.6230965
0550485d-fa4a-4e00-ba26-acb3ce4c65d2,0.11936719121445505,18558.24,1,101967.734,6,0.12614229238098837,0.19756629232600073,6,0.1820011,0.16666666666666666,0.1523472084180883,16994.622395833332,0.6220355269907728,4234425,4234425,0.21431315
07266254-25a6-4ee8-a788-4574d73e50ac,0.03963402011959098,0.0,0,922569.2,9,0.03820523685985433,0.11461571057956299,9,0.0,0.0,0.015853608047836393,102507.6875,0.683772233983162,2722567,2722567,-0.15707684
07277562-658e-4080-8537-1b2148eeb85e,0.36696714812008263,233733.47,3,284426.88,10,0.16468514756753622,0.2147554751385077,10,0.82177,0.3,0.48331786892210526,28442.6875,0.6984886554222364,1809311,1809311,0.18061411
08abc553-c35d-4781-beca-d06d95b55d45,0.08796074019376103,14287.4,2,69324.69,15,0.05891247366583031,0.1556100025834215,15,0.20609398,0.13333333333333333,0.137012492126241,4621.645833333333,0.75,754623,754623,1.3621228
0de2ec3e-038f-4ce1-96f2-15c0884bc104,0.0,0.0,0,44440.305,6,0.0,0.0,6,0.0,0.0,0.0,7406.717447916667,0.6220355269907728,1891615,1891615,-0.41161412
0ed66acf-ec5a-4e8b-9372-c54a702e29c5,0.001438773155880798,0.0,0,286782.44,7,0.034637862087604165,0.0916431690307532,7,0.0,0.0,0.0005755092623523192,40968.919642857145,0.6464466094067263,2866122,2866122,0.081288695
106121c4-42d5-4ee6-b7f1-65a7a7c75ca8,0.12632333866291212,3347.648,2,11281.911,6,0.13133444853110599,0.20453600006077832,6,0.29672703,0.3333333333333333,0.23954744937631672,1880.3185221354167,0.6220355269907728,1507885,1507885,-0.017056048
11d1aade-172f-4b58-9d66-0acdd877f7c7,8.994958521982113e-05,0.0,0,140771.7,8,0.0378462599973838,0.10704538834679701,8,0.0,0.0,3.5979834087928454e-05,17596.462890625,0.6666666666666667,3548381,3548381,-0.18332571
1708bf6d-c24a-4b71-828b-015b2905434b,0.001228384325906614,439.93387,1,159486.95,14,0.07727375244352812,0.15425199503006443,14,0.0027584317,0.07142857142857142,0.02274745468478404,11391.925223214286,0.7418011102528389,3677552,3677552,0.14406323
184d124c-d38a-4669-93ff-25dda20901d8,0.024664167858176284,0.0,0,148918.62,8,0.041334274723491396,0.1169109838096339,8,0.0,0.0,0.009865667143270515,18614.828125,0.6666666666666667,2683624,2683624,0.011506319
193b3503-029a-430d-981b-09d8f2c8f763,0.2331009595696051,171480.33,3,329897.28,14,0.10703954991951649,0.17946147714202576,14,0.5197992,0.21428571428571427,0.3134658559375004,23564.09151785714,0.7418011102528389,1236321,1236321,0.06184864
1cf52528-702d-4f9b-8c27-1ece8c133244,0.0,0.0,0,132625.22,5,0.0,0.0,5,0.0,0.0,0.0,26525.04375,0.5917517095361369,958552,958552,0.15358222
1e166b0d-443a-49ff-9476-8f2c0f7a7a0e,0.08752934321542759,0.0,0,80702.53,5,0.06649879370126394,0.148695823137761,5,0.0,0.0,0.03501173728617104,16140.50625,0.5917517095361369,2989210,2989210,0.16543007
1e98d2d4-e499-4996-8daf-4d1d9c5d6343,0.014589603374225983,0.0,0,537407.56,11,0.0433883252925087,0.09846061339104113,11,0.0,0.0,0.005835841349690393,48855.232954545456,0.7113248654051871,2487202,2487202,1.9550011
1f90899c-6847-41c9-9220-d6dff5ae720a,0.09924828782312074,61539.39,2,247406.16,17,0.047407787957392054,0.13386111453496333,17,0.24873832,0.11764705882352941,0.14961493136105442,14553.30330882353,0.7642977396044841,2749600,2749600,0.7831516
21c9f07e-3fd5-4e77-8008-40db49a41bcb,0.19678333788954974,145028.39,1,392330.44,10,0.071869762354659,0.16447985216399036,10,0.36965877,0.1,0.21961097305951024,39233.04375,0.6984886554222364,4546087,4546087,-0.11841613
21f612c1-7207-489e-bfbe-15a3e6744d21,0.0,0.0,0,406382.38,7,0.0,0.0,7,0.0,0.0,0.0,58054.625,0.6464466094067263,3520635,3520635,0.12632954
2b5050a3-4558-4cba-be44-973a4a6dadd9,0.16298178951176723,3660.896,1,91727.14,9,0.08446159663542241,0.16797940985069543,9,0.03991072,0.1111111111111111,0.11049926533642498,10191.904513888889,0.683772233983162,3772191,3772191,0.30718386
30feb551-3123-482a-9af7-9b0de9e58fa9,0.009076180325785678,0.0,0,468219.8,12,0.02700940059007978,0.09356330820799799,12,0.0,0.0,0.003630472130314271,39018.317708333336,0.7226499018873854,2176963,2176963,0.13615513
335adea9-5e72-4448-a9b2-99a0736c1747,0.12361449327876906,18138.19,1,60828.23,8,0.051819194150213486,0.14656681431695293,8,0.29818702,0.125,0.17640190850421086,7603.52880859375,0.6666666666666667,791479,791479,0.11289346
38302dbb-09f0-4a98-9fd5-0245df608e1d,0.10182714523250949,25329.885,3,102137.15,12,0.10047259472975874,0.18195828003410158,12,0.24799874,0.25,0.19013048583815534,8511.429036458334,0.7226499018873854,3021769,3021769,-0.037302554
3a0b4b4c-4b68-4eb1-97d0-1ff9bd2f4e25,0.0,0.0,0,73172.44,16,0.0,0.0,16,0.0,0.0,0.0,4573.27734375,0.757464374963667,3000585,3000585,0.0847981
3a2cdec0-9a34-4ba6-8720-e6162f8bb969,0.0020832504753251387,0.0,0,123047.555,8,0.030308129326653645,0.08572433508782265,8,0.0,0.0,0.0008333001901300555,15380.9443359375,0.6666666666666667,4927700,4927700,0.21627498
49e84394-edda-492e-afe0-4f8eddd33e49,0.0,0.0,0,182880.5,7,0.0,0.0,7,0.0,0.0,0.0,26125.785714285714,0.6464466094067263,3584944,3584944,0.08897734
4e52eaa9-4576-4a62-ad2f-f513ea93b43d,0.03377403095487609,0.0,0,45318.22,7,0.04969581394530003,0.13148276490019953,7,0.0,0.0,0.013509612381950437,6474.03125,0.6464466094067263,1959597,1959597,0.44020736
50d139c5-5c8a-4c8e-a220-8037821e363a,0.05080424863036694,0.0,0,49481.66,5,0.06957413952342004,0.15557250545042203,5,0.0,0.0,0.020321699452146777,9896.33203125,0.5917517095361369,1641408,1641408,-0.05139762
530e8ee7-1c8c-4a77-8d00-f0d5ab3aa9ec,0.13001291237093351,30545.059,2,97393.805,8,0.10095233244919338,0.18701559863113382,8,0.31362423,0.25,0.22109243783083493,12174.2255859375,0.6666666666666667,652051,652051,0.018107653
593c0b25-5e79-4c5b-8b43-b64e0e85271b,0.0,0.0,0,132095.05,6,0.0,0.0,6,0.0,0.0,0.0,22015.841145833332,0.6220355269907728,2219877,2219877,-0.028089046
59bc1fee-d7b7-4369-8cdc-5b25a3ab18a0,0.0,0.0,0,127386.164,11,0.0,0.0,11,0.0,0.0,0.0,11580.560369318182,0.7113248654051871,2062133,2062133,0.027053237
5ae3f751-22f3-448f-8b84-cb182c9f7a39,0.0,0.0,0,282866.47,6,0.0,0.0,6,0.0,0.0,0.0,47144.411458333336,0.6220355269907728,1064295,1064295,0.008911848
5ca50871-f4ef-429a-88b6-c524e0bde5fb,0.07367404100626049,0.0,0,251058.97,10,0.08689090070080782,0.14154772153064651,10,0.0,0.0,0.029469616402504197,25105.896875,0.6984886554222364,1368365,1368365,0.081293106
60271d3e-3b65-46ed-b185-739edb4ff38b,0.0,0.0,0,103871.97,7,0.0,0.0,7,0.0,0.0,0.0,14838.85267857143,0.6464466094067263,1645101,1645101,0.06709075
6267c4b3-4f70-45b9-8574-9028d53775ee,0.0,0.0,0,35659.324,6,0.0,0.0,6,0.0,0.0,0.0,5943.220703125,0.6220355269907728,2186059,2186059,0.08702767
673cc863-2517-417f-8fc1-e96f9a0f10c4,0.0,0.0,0,33221.996,6,0.0,0.0,6,0.0,0.0,0.0,5536.999348958333,0.6220355269907728,1074139,1074139,0.0008829832
67d3acc7-56f4-4ce5-8db1-cf6c9e8cd994,0.14110963621778377,22675.54,1,95429.86,11,0.05994561871160395,0.1399277419760963,11,0.23761472,0.09090909090909091,0.1550010025481289,8675.441761363636,0.7113248654051871,1219473,1219473,0.0048662424
68e0f235-e532-4258-bdb6-6281b8ffbf41,0.06433008180661905,23493.121,2,148540.38,6,0.1344809659564052,0.2087566022211158,6,0.15815984,0.3333333333333333,0.17317998609584134,24756.729166666668,0.6220355269907728,2347920,2347920,0.38693845
6a2630b1-c913-4290-81fc-4a5aa69d02c1,0.0,0.0,0,88303.96,7,0.0,0.0,7,0.0,0.0,0.0,12614.8515625,0.6464466094067263,2034304,2034304,0.4255929
6ceefb20-5c0c-4a75-8845-9c9b154a52e2,0.0,0.0,0,198139.83,12,0.0,0.0,12,0.0,0.0,0.0,16511.65234375,0.7226499018873854,2257766,2257766,0.44728506
6d8d10be-c3d5-4581-9e7a-58f250de5eb6,0.049749582174338024,0.0,0,20544.473,5,0.06957413952342004,0.15557250545042203,5,0.0,0.0,0.01989983286973521,4108.89453125,0.5917517095361369,1277073,1277073,0.2001158
6e0aa0d7-093c-4e01-beb1-faa6351a1136,0.07835609560987629,10913.82,1,57741.043,6,0.06909225886695132,0.16924077940031734,6,0.18901321,0.16666666666666666,0.13804640435489526,9623.507161458334,0.6220355269907728,2985079,2985079,1.3712692
6ebfe4ba-bd62-4001-876d-7aa14c478f19,0.007534440895270093,1876.9084,2,100283.266,14,0.05684004297047054,0.1444972112918506,14,0.018716069,0.14285714285714285,0.05148574008302776,7163.090401785715,0.7418011102528389,1562613,1562613,0.017815351
703db730-eb6a-4832-9951-fcb78ab442c7,0.3004029092083435,41336.48,1,165090.33,8,0.1302059070671544,0.17986611910305578,8,0.25038704,0.125,0.2327772765115921,20636.291015625,0.6666666666666667,1796213,1796213,-0.031826496
7307eae3-529f-4c14-98c9-577e468c898d,0.0,0.0,0,467903.22,10,0.0,0.0,10,0.0,0.0,0.0,46790.321875,0.6984886554222364,4492327,4492327,0.022231936
74bf1e60-cd90-4f16-9e0c-1c6aeaf1f74e,0.005286827362869425,0.0,0,59754.875,7,0.03464294161221545,0.0916566081896531,7,0.0,0.0,0.00211473094514777,8536.410714285714,0.6464466094067263,2462891,2462891,0.33269405
75489501-603d-4fa0-9619-d14238f1ce5f,0.12946816003460201,30913.627,1,109401.44,5,0.0916359820201149,0.20490428498192542,5,0.28257057,0.2,0.19655843522603716,21880.2875,0.5917517095361369,3464281,3464281,0.44907224
75c43ccf-5326-4b5f-a23d-5e00264e18d3,0.02107950756653102,0.0,0,409459.5,6,0.03963907984755038,0.09709551949993804,6,0.0,0.0,0.008431803026612408,68243.25,0.6220355269907728,4633721,4633721,0.26720345
76c2afa3-28f5-4722-ad47-55221bb02094,0.03955131030387705,2249.4736,1,22122.82,6,0.06482898326475103,0.15879792954206998,6,0.10168114,0.16666666666666666,0.09632486815276553,3687.13671875,0.6220355269907728,4625778,4625778,0.09652233
7a694977-b5e7-4424-82e6-e9a60d9d6d92,0.028768997713852648,5358.804,1,68622.69,6,0.06140069893745265,0.15040038224700825,6,0.078090854,0.16666666666666666,0.08493485639986544,11437.114583333334,0.6220355269907728,2447921,2447921,0.046920776
7adaac4d-74bb-48ac-b908-0c746bd0b5da,0.009351312961486048,0.0,0,106054.73,9,0.033479938051309284,0.10043981415392784,9,0.0,0.0,0.0037405251845944194,11783.858506944445,0.683772233983162,3344845,3344845,-0.026768267
7b49a64e-1e99-4958-bc2b-fdba3f22d309,0.23298617923266368,52131.277,1,91578.625,6,0.06821417974420983,0.16708993359581,6,0.5692516,0.16666666666666666,0.31396995971205505,15263.104166666666,0.6220355269907728,2332699,2332699,-0.26907778
7c795271-a4f8-49ba-9ded-fe2874bef9fe,0.04348987095848033,0.0,0,91413.19,7,0.043916526611985765,0.11619220786106432,7,0.0,0.0,0.017395948383392132,13059.026785714286,0.6464466094067263,998755,998755,0.09515643
7e95ef5a-ce07-4da9-bf6e-e6c4ca89bd12,3.9929545238671543e-07,0.0,0,126482.61,6,0.057978449602850035,0.1420176176046526,6,0.0,0.0,1.597181809546862e-07,21080.434895833332,0.6220355269907728,2383689,2383689,0.07641065
7f7905ad-bf2a-476f-83d7-79f1c0bc5b7d,0.0,0.0,0,1434735.5,8,0.0,0.0,8,0.0,0.0,0.0,179341.9375,0.6666666666666667,4600844,4600844,0.09818709
8253e521-7853-4905-8c40-74c0d2d69a7e,0.0004398274489072378,0.0,0,122831.59,6,0.05362628327087223,0.13135703081558667,6,0.0,0.0,0.00017593097956289513,20471.932291666668,0.6220355269907728,1741785,1741785,-0.045684636
8582f2bb-3fa8-4eef-abca-d178d7c8462c,0.015813087049385204,5099.731,1,136458.55,14,0.08619270906083984,0.14530596873296825,14,0.037372015,0.07142857142857142,0.03896541105957667,9747.0390625,0.7418011102528389,1263168,1263168,0.1055789
868eb5ba-05bd-4a94-a43b-a92688e81e6f,0.0,0.0,0,93861.16,11,0.0,0.0,11,0.0,0.0,0.0,8532.832386363636,0.7113248654051871,1418452,1418452,-0.022144854
879f5dbf-426d-4bb2-8e49-34d97cea7c9e,0.10932556638688903,0.0,0,12862.857,5,0.06613483955758623,0.14788199693180493,5,0.0,0.0,0.043730226554755613,2572.571484375,0.5917517095361369,1972508,1972508,0.021157026
87c3b716-510d-4032-9a33-883250d43a6a,0.034803288655566596,4360.3613,1,51937.72,9,0.04606150591130088,0.13818451773390264,9,0.083953656,0.1111111111111111,0.07244074604494866,5770.857638888889,0.683772233983162,1305640,1305640,-0.0017728806
87cda13a-f429-4cbe-88b7-8294964d0a76,3.4190434030812605e-07,0.0,0,28663.637,8,0.03355293859646111,0.09490204164117395,8,0.0,0.0,1.3676173612325043e-07,3582.95458984375,0.6666666666666667,3574721,3574721,0.16035748
8c6ed159-a3cd-48fe-9a8b-67997ed8ec30,0.0,0.0,0,159296.47,9,0.0,0.0,9,0.0,0.0,0.0,17699.60763888889,0.683772233983162,1828792,1828792,0.46349812
8ef46d90-9088-4592-a87c-84ec835821ac,0.07188133412414392,14799.937,2,87372.19,9,0.0928702951818525,0.1843119386033463,9,0.16938956,0.2222222222222222,0.14623607154215812,9708.020833333334,0.683772233983162,4653518,4653518,0.089179754
8ef75871-07ed-452a-b06b-9b79a8711e16,0.1800353729812627,38054.555,2,89089.59,7,0.1666700011164734,0.2090619292406434,7,0.42714927,0.2857142857142857,0.285873220668624,12727.08482142857,0.6464466094067263,801653,801653,-0.16144335
8f2b870b-e438-4bb3-aa34-956213ff35e4,0.0,0.0,0,47260.863,11,0.0,0.0,11,0.0,0.0,0.0,4296.442116477273,0.7113248654051871,2063642,2063642,0.2315638
8fb45533-c202-4d2b-90c1-efc53d04b9d5,0.0,0.0,0,121146.78,5,0.0,0.0,5,0.0,0.0,0.0,24229.35625,0.5917517095361369,2708313,2708313,0.14430463
900bf4de-6436-4828-adcc-150d5f1bb85f,0.032159403249764656,5602.9033,1,70164.086,14,0.1005212039931379,0.1657537811373248,14,0.07985429,0.07142857142857142,0.05824862038073139,5011.720424107143,0.7418011102528389,2995096,2995096,0.14830947
943858cf-8593-421b-846b-a735a4d914a4,0.021346824882778108,0.0,0,79937.23,5,0.06482256141619147,0.14494765380225919,5,0.0,0.0,0.008538729953111243,15987.4453125,0.5917517095361369,1935561,1935561,0.07634008
949120f9-a7ec-4993-b6d6-de3927bd14ab,0.005262689014488501,2163.968,1,195695.06,10,0.09383221551432427,0.1633366001525432,10,0.011057857,0.1,0.035422432879567756,19569.50625,0.6984886554222364,1731174,1731174,0.194309
971e0c47-daf9-4110-91f3-dc2782cd8356,0.01276670213371947,951.1809,1,31371.488,5,0.08421330116892874,0.18830666602338714,5,0.030319916,0.2,0.07420265605133944,6274.29765625,0.5917517095361369,2153241,2153241,0.839818
97400c5b-c365-434d-8cfd-c0cc918e5a28,0.035893931725970954,5826.0083,1,65362.223,8,0.05033693689934355,0.14237435770274068,8,0.08913418,0.125,0.0785978275246827,8170.27783203125,0.6666666666666667,2362102,2362102,-0.025442779
98e603d0-0ff5-4b37-8970-bc7b3114a046,0.04612081751141792,2332.95,1,75055.234,7,0.13335607404243427,0.17680172746952053,7,0.031083109,0.14285714285714285,0.0706304032639503,10722.176339285714,0.6464466094067263,1717454,1717454,0.21929443
9b9956b1-e82c-4835-85a0-4e7b30fb63e0,0.25921159518542414,32807.723,1,52468.94,6,0.06909225886695132,0.16924077940031734,6,0.6252789,0.16666666666666666,0.3412683080942731,8744.823567708334,0.6220355269907728,1173353,1173353,1.6052115
9d53f896-2d63-4091-83bb-fe7892786ab3,0.0,0.0,0,101477.4,5,0.0,0.0,5,0.0,0.0,0.0,20295.4796875,0.5917517095361369,3670693,3670693,0.20854545
9e6a9bde-9483-4741-bf9c-66fa89322a6c,0.0,0.0,0,1263677.6,7,0.0,0.0,7,0.0,0.0,0.0,180525.375,0.6464466094067263,1428287,1428287,0.079386115
a02bb17d-b6ea-47e1-9e2f-981c9a6cd6ee,0.00617233207444216,1973.29,1,127419.99,6,0.06642700269717937,0.16271226175057138,6,0.015486503,0.16666666666666666,0.057114883922020056,21236.665364583332,0.6220355269907728,2850216,2850216,0.12162244
a31eb741-bf0f-4bf3-9695-79c179e043be,0.0,0.0,0,38037.297,9,0.0,0.0,9,0.0,0.0,0.0,4226.366319444444,0.683772233983162,3820126,3820126,-0.16764414
a8682097-8c5d-43a9-82c0-0e8cb70ad3a4,0.19713832604323334,10794.632,1,22699.559,6,0.06909225886695132,0.16924077940031734,6,0.47554368,0.16666666666666666,0.27151843673958187,3783.259765625,0.6220355269907728,706716,706716,0.43046677
ac47fd25-df56-48df-987d-9dcfcfc509fe,0.06803445886994952,65356.8,3,472040.22,30,0.08931242730249277,0.1572033143647586,30,0.138456,0.1,0.09875058411131522,15734.673958333333,0.8203946979732251,2129902,2129902,0.15039599
acfd91d3-91d0-4cae-ae2f-9a2496e35683,0.01932404726818738,5385.716,1,133146.45,6,0.12509436546864142,0.19456931026178792,6,0.040449563,0.16666666666666666,0.06986448849022601,22191.075520833332,0.6220355269907728,3039710,3039710,0.14348972
adde2a46-33a2-4f2a-a213-6a37b6cb1d02,0.0,0.0,0,26904.16,8,0.0,0.0,8,0.0,0.0,0.0,3363.02001953125,0.6666666666666667,2249602,2249602,-0.22675121
af95ad9c-9856-4eed-a96e-10b68f3ef339,0.03993553359897312,1556.1653,1,15691.809,8,0.05033693689934355,0.14237435770274068,8,0.09917055,0.125,0.08322538014090608,1961.47607421875,0.6666666666666667,1425451,1425451,0.018169403
b1a055bd-eaaa-4a85-a969-5845ff8274c6,0.13118939050478085,84061.234,2,272513.2,7,0.11979531619399633,0.20463914433847616,7,0.30846667,0.2857142857142857,0.23073004527551583,38930.455357142855,0.6464466094067263,4543219,4543219,0.74274254
b50cf560-1510-47d7-8393-1060e82386e8,0.08323914220176033,4654.17,1,23179.031,5,0.08291071064034158,0.18539398505461888,5,0.20079225,0.2,0.15353333651122208,4635.80625,0.5917517095361369,1317722,1317722,0.27676785
b519df91-a8e0-4311-9d12-94b2dec4fb82,0.0,0.0,0,106247.4,21,0.0,0.0,21,0.0,0.0,0.0,5059.3999255952385,0.7867992836443896,2985121,2985121,0.0
ba976559-a7f8-42ac-868d-423efa43c75c,0.15396785200450797,0.0,0,112691.29,5,0.12028929027309157,0.16472940520598608,5,0.0,0.0,0.06158714080180319,22538.2578125,0.5917517095361369,4255589,4255589,-0.1839273
bbec4388-46d9-4595-9f90-0e9b011e112e,0.033203199135233834,0.0,0,25474.805,6,0.049360344714571215,0.12090765807858406,6,0.0,0.0,0.013281279654093535,4245.80078125,0.6220355269907728,3963849,3963849,0.35547853
bca4316f-33d6-4ced-be20-d670dd828a53,0.23072500544799607,0.0,0,10026.697,6,0.057978449602850035,0.1420176176046526,6,0.0,0.0,0.09229000217919843,1671.1162109375,0.6220355269907728,1161994,1161994,0.28163946
bf94c36b-e5b6-46e0-97d6-21f0eb498d60,3.436635906584029e-05,0.0,0,472735.72,16,0.014063548554997054,0.05625419421998821,16,0.0,0.0,1.3746543626336116e-05,29545.982421875,0.757464374963667,2515261,2515261,0.10464537
c0f9214d-85db-41de-8b84-539a7914d3b9,0.0,0.0,0,90026.65,9,0.0,0.0,9,0.0,0.0,0.0,10002.9609375,0.683772233983162,3685254,3685254,0.4808607
c41339e6-35c2-49ad-8c6a-7f23a07d374c,0.01474680127362196,0.0,0,161605.69,11,0.03587614045868368,0.07982058732297935,11,0.0,0.0,0.005898720509448785,14691.426136363636,0.7113248654051871,4851807,4851807,0.018891215
c45e005d-61b6-421f-8bc5-da5716158553,3.263612080113705e-06,0.0,0,165865.02,10,0.03450006560478939,0.10909878673636897,10,0.0,0.0,1.305444832045482e-06,16586.5015625,0.6984886554222364,2288994,2288994,-0.109324336
c8ffd74e-7ccf-4e50-b344-d08b46ade489,0.01966305028126321,14510.801,2,291700.53,15,0.05305070677243917,0.14001228960782122,15,0.04974554,0.13333333333333333,0.06278888299107822,19446.702083333334,0.75,4413392,4413392,-0.082636
c9fe7b68-8b11-45e8-ba7b-c8ee37945755,0.0,0.0,0,150830.77,6,0.0,0.0,6,0.0,0.0,0.0,25138.4609375,0.6220355269907728,3722278,3722278,0.7891395
ca1bc455-00c7-4bd6-8078-c314017b892b,0.0,0.0,0,59973.273,5,0.0,0.0,5,0.0,0.0,0.0,11994.6546875,0.5917517095361369,1711591,1711591,-0.08759332
ccea4a3b-370a-4f12-bb44-36b61f6ed08b,0.02182774977957969,15839.391,1,293071.25,7,0.05769599587004894,0.1526492567163592,7,0.05404621,0.14285714285714285,0.0678021068570332,41867.32142857143,0.6464466094067263,4187993,4187993,-0.11154848
cd6bf55a-dde0-4948-92c0-6df0dc039f5c,0.0896523852437002,27696.39,1,131097.84,9,0.04715108730884562,0.14145326192653684,9,0.21126504,0.1111111111111111,0.13257380611853847,14566.427083333334,0.683772233983162,1738206,1738206,0.05517769
d109514a-7421-4cf2-9d3d-31726fcfdd1b,0.24691969975833197,58983.51,1,91376.78,6,0.06375433499313678,0.15616558962365118,6,0.6454978,0.16666666666666666,0.34241723150016506,15229.463541666666,0.6220355269907728,1240315,1240315,0.12451744
d140d84c-f3ec-403b-adb7-c7bda6eb6341,0.03260637477051209,51533.965,1,623438.3,9,0.04382883604651145,0.13148650813953433,9,0.08266089,0.1111111111111111,0.07117415169382489,69270.92361111111,0.683772233983162,3087947,3087947,0.45259988
d27aa681-3c01-44fa-92b7-940ffa14be98,0.20291333977160922,0.0,0,56881.99,7,0.04649054041835147,0.12300240826395473,7,0.0,0.0,0.0811653359086437,8125.998325892857,0.6464466094067263,3800533,3800533,0.29528308
d4a5f3c0-1bee-4371-a0cc-1122e3590ea1,0.040192000089566894,3037.026,1,30428.857,10,0.04026954951947484,0.12734349683047957,10,0.09980743,0.1,0.07601902942597111,3042.8857421875,0.6984886554222364,2064225,2064225,0.03354001
d4d53d5d-1359-451c-9b85-3d1744b5fd3d,0.0,0.0,0,64183.703,13,0.0,0.0,13,0.0,0.0,0.0,4937.207932692308,0.7327387580875756,831071,831071,0.048149467
d8d58a68-be8b-4e8d-b2a6-2bd3a50b93a7,3.4247425521961973e-08,0.0,0,922333.4,11,0.021367456368002993,0.07086783549695608,11,0.0,0.0,1.369897020878479e-08,83848.48863636363,0.7113248654051871,2574411,2574411,0.3347473
de44f298-4dd1-49e5-81bc-26d9b4a5cef6,0.0,0.0,0,261907.58,5,0.0,0.0,5,0.0,0.0,0.0,52381.515625,0.5917517095361369,1361796,1361796,0.070545316
dfb6b1b5-39a2-47f2-af53-9dc2e07460e7,0.033142245697289525,20746.25,1,274532.6,6,0.11725082210760757,0.18735885839549626,6,0.075569354,0.16666666666666666,0.08592770559581511,45755.432291666664,0.6220355269907728,4210089,4210089,-0.17678583
e095872a-3590-463f-84a0-0f8eca7d686a,0.08645640303931315,0.0,0,394661.97,10,0.02547761826351897,0.08056730306902393,10,0.0,0.0,0.03458256121572526,39466.196875,0.6984886554222364,1849445,1849445,0.9694555
e3a12d22-64d2-40e1-82e7-a5a16e86a674,0.09592421890763177,0.0,0,96662.92,19,0.015711351949739476,0.0684841954153151,19,0.0,0.0,0.03836968756305271,5087.522203947368,0.7763932022500211,3354628,3354628,0.2421974
e600cbe9-85b6-4fc0-a605-3626800f9811,0.0,0.0,0,676178.6,8,0.0,0.0,8,0.0,0.0,0.0,84522.328125,0.6666666666666667,2460173,2460173,0.9754566
e67331b8-ca1b-4229-b261-06a24e051c3f,0.1456626935985131,145075.1,2,431910.6,12,0.09791049821595493,0.17792269106831723,12,0.3358915,0.16666666666666666,0.20903252598390748,35992.549479166664,0.7226499018873854,3959732,3959732,0.13576508
e9a954f2-8b1c-47cb-8f76-e2f6242b9138,0.28298389848766753,291860.4,3,409480.4,7,0.18012764112462434,0.22579039843119567,7,0.71275795,0.42857142857142855,0.4555923744649468,58497.200892857145,0.6464466094067263,1366834,1366834,0.37968636
ea4ea48e-be7d-41b0-85c1-f32806051b70,3.1864884985513505e-07,0.0,0,57273.06,7,0.03294212925996644,0.0871566816788154,7,0.0,0.0,1.2745953994205403e-07,8181.865513392857,0.6464466094067263,2082931,2082931,-0.17990845
ecefe618-a6de-46a3-a767-9155a9d27ae4,3.654983715524309e-07,0.0,0,52717.234,6,0.0338778206817703,0.08298337426784415,6,0.0,0.0,1.461993486209724e-07,8786.205729166666,0.6220355269907728,2019791,2019791,-0.00553298
ef0c5878-91a0-4b27-bfd1-b9415fa0acbf,0.0990803088294386,26600.992,2,119273.56,13,0.09514365769510812,0.18241499183368817,13,0.22302505,0.15384615384615385,0.15269348729760204,9174.889423076924,0.7327387580875756,3504053,3504053,0.34055078
ef3f03c4-261b-4aad-b9ea-464381185913,1.5377481655093252e-07,0.0,0,116616.94,9,0.03891568307469354,0.11674704922408063,9,0.0,0.0,6.150992662037301e-08,12957.4375,0.683772233983162,1997120,1997120,0.47433937
f0e0f9ed-efb5-4724-aa73-8cc417cd116d,0.12424634464354656,0.0,0,56306.094,6,0.11372030392148401,0.17647602526584907,6,0.0,0.0,0.04969853785741862,9384.348958333334,0.6220355269907728,2008577,2008577,0.2565186
f1fca99c-fa32-4cfb-994b-ce5adec34ca9,0.009090616307292163,1168.7795,1,51774.516,9,0.0447439439105276,0.13423183173158282,9,0.022574417,0.1111111111111111,0.04374190523043624,5752.723958333333,0.683772233983162,857821,857821,0.14366817
f35af851-eaf8-42fc-984e-8344ee186605,0.02941454939629521,10771.093,1,151802.25,8,0.051819194150213486,0.14656681431695293,8,0.07095476,0.125,0.07055224959586416,18975.28125,0.6666666666666667,2227841,2227841,0.83131516
f72f53e3-8a86-4425-8893-88392addbcb7,0.23558902324771497,44918.54,1,81123.78,9,0.08471380564653425,0.16892335944471246,9,0.5537037,0.1111111111111111,0.29368006917451067,9013.753472222223,0.683772233983162,2649988,2649988,0.29715037
f7720f4d-2ac6-4b74-b982-3f712a53ba0a,0.39716943394241866,171560.75,2,176396.95,5,0.1623961147320015,0.2223822423802145,5,0.9725834,0.4,0.5706428213560507,35279.390625,0.5917517095361369,4536835,4536835,0.14268386
fb0bf4e0-743d-44dd-8ee7-ead44669637c,0.19139700896377346,7472.2935,1,271473.7,12,0.11602389707441996,0.1728458558174495,12,0.027524928,0.08333333333333333,0.10981628206108006,22622.807291666668,0.7226499018873854,4872437,4872437,-0.13339889
fc1da1e1-d3df-4e4c-9573-d36d6e1096e6,0.030562132040823586,0.0,0,130165.29,9,0.0591062145731476,0.12083355004387061,9,0.0,0.0,0.012224852816329436,14462.809895833334,0.683772233983162,2445435,2445435,0.08961189
fda81415-8e0b-4bd7-ad07-61865ff51289,0.040386160081457206,0.0,0,98100.56,8,0.07979526466525799,0.1477756342746475,8,0.0,0.0,0.016154464032582885,12262.5703125,0.6666666666666667,2356664,2356664,-0.14012599
